Answer,Category,Question,Title
,パーカー,,2021年流行ＴＯＰ１０入り レディース 夏 長袖 帽子付 ニットアウター 日焼け防止 薄手 カーディガン アウター 柔らい肌触り 涼しさ 着痩せ トップス
"こんにちは。本当に申し訳ございません。服はもう日本の倉庫に向かっています。""お客様お世話になっております""綿とポリエステルの混紡です""よろしくお願いしますお客様お世話になっております保証できませんしかしなるべく早く送ります。よろしくお願いしますこんにちは、すみません、こちらから発送が間違っていますが、この商品を注文してもいいですか？私たちはまた400円を返してあげます。",シャツ・ブラウス,はじめまして！配送楽しみにお待ちしてます！Y-15の素材は何ですか？こんにちは。先日こちらで注文させていただきましたが、5月中に手元に欲しいのですがそれまでに配送可能でしょうか？3週間も待って全然違う商品が来ました。選んだ商品でもない、ここで販売してる商品でもないものが来てます。交換か返金してください。,【3枚ことに200円割引】韓国ファッションTシャツツ ブラウス 半袖 レースレディース フリル ホワイト スタンドカラー かわいい 韓国ファッション ビジネス カジュアル
,トレンチコート,,選べる2型スプリングコート アウター ブルゾン ジャンパー マウンテンパーカー 羽織り フード付き ファスナー ジップアップ 体型カバー 長め丈 ブラック ベージュ カーキ 黒 緑 無地 レディース
,ベスト,,【Paragraph】V01 Round Vest Knit
Answer,Category,Question,Title,URL
,ベスト,,【Paragraph】V01 Round Vest Knit,
,トレンチコート,,選べる2型スプリングコート アウター ブルゾン ジャンパー マウンテンパーカー 羽織り フード付き ファスナー ジップアップ 体型カバー 長め丈 ブラック ベージュ カーキ 黒 緑 無地 レディース,
,パーカー,,2021年流行ＴＯＰ１０入り レディース 夏 長袖 帽子付 ニットアウター 日焼け防止 薄手 カーディガン アウター 柔らい肌触り 涼しさ 着痩せ トップス,
"こんにちは。本当に申し訳ございません。服はもう日本の倉庫に向かっています。""お客様お世話になっております""綿とポリエステルの混紡です""よろしくお願いしますお客様お世話になっております保証できませんしかしなるべく早く送ります。よろしくお願いしますこんにちは、すみません、こちらから発送が間違っていますが、この商品を注文してもいいですか？私たちはまた400円を返してあげます。",シャツ・ブラウス,はじめまして！配送楽しみにお待ちしてます！Y-15の素材は何ですか？こんにちは。先日こちらで注文させていただきましたが、5月中に手元に欲しいのですがそれまでに配送可能でしょうか？3週間も待って全然違う商品が来ました。選んだ商品でもない、ここで販売してる商品でもないものが来てます。交換か返金してください。,【3枚ことに200円割引】韓国ファッションTシャツツ ブラウス 半袖 レースレディース フリル ホワイト スタンドカラー かわいい 韓国ファッション ビジネス カジュアル,
Answer,Category,Question,Title,URL
,パーカー,,2021年流行ＴＯＰ１０入り レディース 夏 長袖 帽子付 ニットアウター 日焼け防止 薄手 カーディガン アウター 柔らい肌触り 涼しさ 着痩せ トップス,
"こんにちは。本当に申し訳ございません。服はもう日本の倉庫に向かっています。""お客様お世話になっております""綿とポリエステルの混紡です""よろしくお願いしますお客様お世話になっております保証できませんしかしなるべく早く送ります。よろしくお願いしますこんにちは、すみません、こちらから発送が間違っていますが、この商品を注文してもいいですか？私たちはまた400円を返してあげます。",シャツ・ブラウス,はじめまして！配送楽しみにお待ちしてます！Y-15の素材は何ですか？こんにちは。先日こちらで注文させていただきましたが、5月中に手元に欲しいのですがそれまでに配送可能でしょうか？3週間も待って全然違う商品が来ました。選んだ商品でもない、ここで販売してる商品でもないものが来てます。交換か返金してください。,【3枚ことに200円割引】韓国ファッションTシャツツ ブラウス 半袖 レースレディース フリル ホワイト スタンドカラー かわいい 韓国ファッション ビジネス カジュアル,
,トレンチコート,,選べる2型スプリングコート アウター ブルゾン ジャンパー マウンテンパーカー 羽織り フード付き ファスナー ジップアップ 体型カバー 長め丈 ブラック ベージュ カーキ 黒 緑 無地 レディース,
,ベスト,,【Paragraph】V01 Round Vest Knit,
Answer,Category,Question,Title,URL
,パーカー,,2021年流行ＴＯＰ１０入り レディース 夏 長袖 帽子付 ニットアウター 日焼け防止 薄手 カーディガン アウター 柔らい肌触り 涼しさ 着痩せ トップス,
,トレンチコート,,選べる2型スプリングコート アウター ブルゾン ジャンパー マウンテンパーカー 羽織り フード付き ファスナー ジップアップ 体型カバー 長め丈 ブラック ベージュ カーキ 黒 緑 無地 レディース,
"こんにちは。本当に申し訳ございません。服はもう日本の倉庫に向かっています。""お客様お世話になっております""綿とポリエステルの混紡です""よろしくお願いしますお客様お世話になっております保証できませんしかしなるべく早く送ります。よろしくお願いしますこんにちは、すみません、こちらから発送が間違っていますが、この商品を注文してもいいですか？私たちはまた400円を返してあげます。",シャツ・ブラウス,はじめまして！配送楽しみにお待ちしてます！Y-15の素材は何ですか？こんにちは。先日こちらで注文させていただきましたが、5月中に手元に欲しいのですがそれまでに配送可能でしょうか？3週間も待って全然違う商品が来ました。選んだ商品でもない、ここで販売してる商品でもないものが来てます。交換か返金してください。,【3枚ことに200円割引】韓国ファッションTシャツツ ブラウス 半袖 レースレディース フリル ホワイト スタンドカラー かわいい 韓国ファッション ビジネス カジュアル,
,ベスト,,【Paragraph】V01 Round Vest Knit,
Answer,Category,Question,Title,URL
,パーカー,,2021年流行ＴＯＰ１０入り レディース 夏 長袖 帽子付 ニットアウター 日焼け防止 薄手 カーディガン アウター 柔らい肌触り 涼しさ 着痩せ トップス,
"こんにちは。本当に申し訳ございません。服はもう日本の倉庫に向かっています。""お客様お世話になっております""綿とポリエステルの混紡です""よろしくお願いしますお客様お世話になっております保証できませんしかしなるべく早く送ります。よろしくお願いしますこんにちは、すみません、こちらから発送が間違っていますが、この商品を注文してもいいですか？私たちはまた400円を返してあげます。",シャツ・ブラウス,はじめまして！配送楽しみにお待ちしてます！Y-15の素材は何ですか？こんにちは。先日こちらで注文させていただきましたが、5月中に手元に欲しいのですがそれまでに配送可能でしょうか？3週間も待って全然違う商品が来ました。選んだ商品でもない、ここで販売してる商品でもないものが来てます。交換か返金してください。,【3枚ことに200円割引】韓国ファッションTシャツツ ブラウス 半袖 レースレディース フリル ホワイト スタンドカラー かわいい 韓国ファッション ビジネス カジュアル,
,トレンチコート,,選べる2型スプリングコート アウター ブルゾン ジャンパー マウンテンパーカー 羽織り フード付き ファスナー ジップアップ 体型カバー 長め丈 ブラック ベージュ カーキ 黒 緑 無地 レディース,
,ベスト,,【Paragraph】V01 Round Vest Knit,
Answer,Category,Question,Title,URL
,パーカー,,2021年流行ＴＯＰ１０入り レディース 夏 長袖 帽子付 ニットアウター 日焼け防止 薄手 カーディガン アウター 柔らい肌触り 涼しさ 着痩せ トップス,https://www.qoo10.jp/item/2021%e5%b9%b4%e6%b5%81%e8%a1%8c%ef%bc%b4%ef%bc%af%ef%bc%b0%ef%bc%91%ef%bc%90%e5%85%a5%e3%82%8a-%e3%83%ac%e3%83%87%e3%82%a3%e3%83%bc%e3%82%b9-%e5%a4%8f-%e9%95%b7%e8%a2%96-%e5%b8%bd%e5%ad%90%e4%bb%98-%e3%83%8b%e3%83%83%e3%83%88%e3%82%a2%e3%82%a6%e3%82%bf%e3%83%bc-%e6%97%a5%e7%84%bc%e3%81%91%e9%98%b2%e6%ad%a2-%e8%96%84%e6%89%8b-%e3%82%ab%e3%83%bc%e3%83%87%e3%82%a3%e3%82%ac%e3%83%b3-%e3%82%a2%e3%82%a6%e3%82%bf%e3%83%bc-%e6%9f%94%e3%82%89%e3%81%84%e8%82%8c%e8%a7%a6%e3%82%8a/872869351
"こんにちは。本当に申し訳ございません。服はもう日本の倉庫に向かっています。""お客様お世話になっております""綿とポリエステルの混紡です""よろしくお願いしますお客様お世話になっております保証できませんしかしなるべく早く送ります。よろしくお願いしますこんにちは、すみません、こちらから発送が間違っていますが、この商品を注文してもいいですか？私たちはまた400円を返してあげます。",シャツ・ブラウス,はじめまして！配送楽しみにお待ちしてます！Y-15の素材は何ですか？こんにちは。先日こちらで注文させていただきましたが、5月中に手元に欲しいのですがそれまでに配送可能でしょうか？3週間も待って全然違う商品が来ました。選んだ商品でもない、ここで販売してる商品でもないものが来てます。交換か返金してください。,【3枚ことに200円割引】韓国ファッションTシャツツ ブラウス 半袖 レースレディース フリル ホワイト スタンドカラー かわいい 韓国ファッション ビジネス カジュアル,https://www.qoo10.jp/item/LACE-LADIES-3%e6%9e%9a%e3%81%93%e3%81%a8%e3%81%ab200%e5%86%86%e5%89%b2%e5%bc%95-%e9%9f%93%e5%9b%bd%e3%83%95%e3%82%a1%e3%83%83%e3%82%b7%e3%83%a7%e3%83%b3T%e3%82%b7%e3%83%a3%e3%83%84%e3%83%84-%e3%83%96%e3%83%a9%e3%82%a6%e3%82%b9-%e5%8d%8a%e8%a2%96-%e3%83%ac%e3%83%bc%e3%82%b9%e3%83%ac%e3%83%87%e3%82%a3%e3%83%bc%e3%82%b9-%e3%83%95%e3%83%aa%e3%83%ab-%e3%83%9b%e3%83%af%e3%82%a4%e3%83%88-%e3%82%b9%e3%82%bf%e3%83%b3%e3%83%89%e3%82%ab%e3%83%a9%e3%83%bc/618139803
,トレンチコート,,選べる2型スプリングコート アウター ブルゾン ジャンパー マウンテンパーカー 羽織り フード付き ファスナー ジップアップ 体型カバー 長め丈 ブラック ベージュ カーキ 黒 緑 無地 レディース,https://www.qoo10.jp/item/%e9%81%b8%e3%81%b9%e3%82%8b2%e5%9e%8b%e3%82%b9%e3%83%97%e3%83%aa%e3%83%b3%e3%82%b0%e3%82%b3%e3%83%bc%e3%83%88-%e3%82%a2%e3%82%a6%e3%82%bf%e3%83%bc-%e3%83%96%e3%83%ab%e3%82%be%e3%83%b3-%e3%82%b8%e3%83%a3%e3%83%b3%e3%83%91%e3%83%bc-%e3%83%9e%e3%82%a6%e3%83%b3%e3%83%86%e3%83%b3%e3%83%91%e3%83%bc%e3%82%ab%e3%83%bc-%e7%be%bd%e7%b9%94%e3%82%8a-%e3%83%95%e3%83%bc%e3%83%89%e4%bb%98%e3%81%8d-%e3%83%95%e3%82%a1%e3%82%b9%e3%83%8a%e3%83%bc-%e3%82%b8%e3%83%83%e3%83%97%e3%82%a2%e3%83%83%e3%83%97/870003824
,ベスト,,【Paragraph】V01 Round Vest Knit,https://www.qoo10.jp/item/%e3%83%91%e3%83%a9%e3%82%b0%e3%83%a9%e3%83%95-PARAGRAPH-V01-ROUND-VEST-KNIT/877760693
